{
  "J_star_qp": 389709341511.12866,
  "J_star_soc": Infinity,
  "k_star_qp": 0.01584893192461114,
  "k_star_soc": NaN
}