{
  "ablation_studies": 43.97203779220581,
  "baseline_optimization": 7.024460315704346,
  "data_loading": 0.0329740047454834,
  "figure_generation": 2.627464771270752,
  "soc_ablation": 16.20326852798462,
  "table_generation": 0.0346837043762207,
  "theta_sensitivity": 27.768636226654053,
  "total_runtime": 53.69717359542847
}