{
  "J_star_qp": 408977138473.81104,
  "J_star_soc": Infinity,
  "k_star_qp": 0.19036539387158782,
  "k_star_soc": NaN
}