{
  "ablation_studies": 47.482707262039185,
  "baseline_optimization": 5.722246170043945,
  "data_loading": 0.018754005432128906,
  "figure_generation": 1.3140530586242676,
  "soc_ablation": 12.541670083999634,
  "table_generation": 0.02206587791442871,
  "theta_sensitivity": 34.94097375869751,
  "total_runtime": 54.562373876571655
}